{
  "hash": "3a326219",
  "configHash": "3a6fc72e",
  "lockfileHash": "b32d9bf6",
  "browserHash": "384be66c",
  "optimized": {
    "@angular/common": {
      "src": "../../../../../../node_modules/@angular/common/fesm2022/common.mjs",
      "file": "@angular_common.js",
      "fileHash": "0aa77a25",
      "needsInterop": false
    },
    "@angular/core": {
      "src": "../../../../../../node_modules/@angular/core/fesm2022/core.mjs",
      "file": "@angular_core.js",
      "fileHash": "fc66bb56",
      "needsInterop": false
    },
    "@angular/platform-browser": {
      "src": "../../../../../../node_modules/@angular/platform-browser/fesm2022/platform-browser.mjs",
      "file": "@angular_platform-browser.js",
      "fileHash": "fc85b15f",
      "needsInterop": false
    },
    "@angular/router": {
      "src": "../../../../../../node_modules/@angular/router/fesm2022/router.mjs",
      "file": "@angular_router.js",
      "fileHash": "efc68045",
      "needsInterop": false
    },
    "zone.js": {
      "src": "../../../../../../node_modules/zone.js/fesm2015/zone.js",
      "file": "zone__js.js",
      "fileHash": "a7ad0db3",
      "needsInterop": true
    }
  },
  "chunks": {
    "chunk-HI7YLTT5": {
      "file": "chunk-HI7YLTT5.js"
    },
    "chunk-LXTPW7W3": {
      "file": "chunk-LXTPW7W3.js"
    },
    "chunk-3CZ6QWIZ": {
      "file": "chunk-3CZ6QWIZ.js"
    },
    "chunk-WDMUDEB6": {
      "file": "chunk-WDMUDEB6.js"
    }
  }
}