{
  "hash": "62e59f73",
  "configHash": "9af66eb0",
  "lockfileHash": "fe6c6569",
  "browserHash": "784cea8f",
  "optimized": {
    "@angular/core": {
      "src": "../../../../../../node_modules/@angular/core/fesm2022/core.mjs",
      "file": "@angular_core.js",
      "fileHash": "46b98543",
      "needsInterop": false
    },
    "@angular/platform-browser": {
      "src": "../../../../../../node_modules/@angular/platform-browser/fesm2022/platform-browser.mjs",
      "file": "@angular_platform-browser.js",
      "fileHash": "94a3d9c9",
      "needsInterop": false
    },
    "@angular/router": {
      "src": "../../../../../../node_modules/@angular/router/fesm2022/router.mjs",
      "file": "@angular_router.js",
      "fileHash": "66a41773",
      "needsInterop": false
    },
    "zone.js": {
      "src": "../../../../../../node_modules/zone.js/fesm2015/zone.js",
      "file": "zone__js.js",
      "fileHash": "cdc6eae0",
      "needsInterop": true
    }
  },
  "chunks": {
    "chunk-5ZLAHUFZ": {
      "file": "chunk-5ZLAHUFZ.js"
    },
    "chunk-DZP4VU3Z": {
      "file": "chunk-DZP4VU3Z.js"
    },
    "chunk-WDMUDEB6": {
      "file": "chunk-WDMUDEB6.js"
    }
  }
}